{
  "career_path": {
    "classification_report": {
      "0": {
        "precision": 0.2222222222222222,
        "recall": 0.25,
        "f1-score": 0.23529411764705882,
        "support": 8.0
      },
      "1": {
        "precision": 0.3793103448275862,
        "recall": 0.2619047619047619,
        "f1-score": 0.30985915492957744,
        "support": 42.0
      },
      "2": {
        "precision": 0.2,
        "recall": 0.2,
        "f1-score": 0.2,
        "support": 10.0
      },
      "3": {
        "precision": 0.16666666666666666,
        "recall": 0.08333333333333333,
        "f1-score": 0.1111111111111111,
        "support": 12.0
      },
      "4": {
        "precision": 0.5714285714285714,
        "recall": 0.4444444444444444,
        "f1-score": 0.5,
        "support": 9.0
      },
      "5": {
        "precision": 0.5,
        "recall": 1.0,
        "f1-score": 0.6666666666666666,
        "support": 3.0
      },
      "6": {
        "precision": 0.16666666666666666,
        "recall": 0.5,
        "f1-score": 0.25,
        "support": 2.0
      },
      "7": {
        "precision": 0.0,
        "recall": 0.0,
        "f1-score": 0.0,
        "support": 6.0
      },
      "8": {
        "precision": 0.0,
        "recall": 0.0,
        "f1-score": 0.0,
        "support": 3.0
      },
      "9": {
        "precision": 0.2903225806451613,
        "recall": 0.45,
        "f1-score": 0.35294117647058826,
        "support": 40.0
      },
      "10": {
        "precision": 0.0,
        "recall": 0.0,
        "f1-score": 0.0,
        "support": 5.0
      },
      "11": {
        "precision": 0.35294117647058826,
        "recall": 0.5454545454545454,
        "f1-score": 0.42857142857142855,
        "support": 11.0
      },
      "12": {
        "precision": 0.6,
        "recall": 0.4897959183673469,
        "f1-score": 0.5393258426966292,
        "support": 49.0
      },
      "accuracy": 0.36,
      "macro avg": {
        "precision": 0.26535063299442024,
        "recall": 0.32499484642341786,
        "f1-score": 0.27644380754562,
        "support": 200.0
      },
      "weighted avg": {
        "precision": 0.36790129451854897,
        "recall": 0.36,
        "f1-score": 0.35244334923398063,
        "support": 200.0
      }
    },
    "confusion_matrix": [
      [
        2,
        0,
        3,
        0,
        0,
        0,
        0,
        3,
        0,
        0,
        0,
        0,
        0
      ],
      [
        0,
        11,
        0,
        0,
        0,
        0,
        0,
        0,
        0,
        26,
        0,
        0,
        5
      ],
      [
        6,
        0,
        2,
        0,
        0,
        0,
        0,
        2,
        0,
        0,
        0,
        0,
        0
      ],
      [
        0,
        0,
        0,
        1,
        0,
        0,
        0,
        0,
        0,
        0,
        0,
        11,
        0
      ],
      [
        0,
        0,
        0,
        0,
        4,
        0,
        2,
        0,
        0,
        0,
        3,
        0,
        0
      ],
      [
        0,
        0,
        0,
        0,
        0,
        3,
        0,
        0,
        0,
        0,
        0,
        0,
        0
      ],
      [
        0,
        0,
        0,
        0,
        1,
        0,
        1,
        0,
        0,
        0,
        0,
        0,
        0
      ],
      [
        1,
        0,
        5,
        0,
        0,
        0,
        0,
        0,
        0,
        0,
        0,
        0,
        0
      ],
      [
        0,
        0,
        0,
        0,
        0,
        3,
        0,
        0,
        0,
        0,
        0,
        0,
        0
      ],
      [
        0,
        11,
        0,
        0,
        0,
        0,
        0,
        0,
        0,
        18,
        0,
        0,
        11
      ],
      [
        0,
        0,
        0,
        0,
        2,
        0,
        3,
        0,
        0,
        0,
        0,
        0,
        0
      ],
      [
        0,
        0,
        0,
        5,
        0,
        0,
        0,
        0,
        0,
        0,
        0,
        6,
        0
      ],
      [
        0,
        7,
        0,
        0,
        0,
        0,
        0,
        0,
        0,
        18,
        0,
        0,
        24
      ]
    ]
  },
  "education_path": {
    "classification_report": {
      "0": {
        "precision": 1.0,
        "recall": 1.0,
        "f1-score": 1.0,
        "support": 23.0
      },
      "2": {
        "precision": 1.0,
        "recall": 1.0,
        "f1-score": 1.0,
        "support": 13.0
      },
      "3": {
        "precision": 1.0,
        "recall": 1.0,
        "f1-score": 1.0,
        "support": 7.0
      },
      "4": {
        "precision": 1.0,
        "recall": 1.0,
        "f1-score": 1.0,
        "support": 6.0
      },
      "5": {
        "precision": 1.0,
        "recall": 1.0,
        "f1-score": 1.0,
        "support": 14.0
      },
      "6": {
        "precision": 1.0,
        "recall": 1.0,
        "f1-score": 1.0,
        "support": 11.0
      },
      "7": {
        "precision": 1.0,
        "recall": 1.0,
        "f1-score": 1.0,
        "support": 6.0
      },
      "8": {
        "precision": 1.0,
        "recall": 1.0,
        "f1-score": 1.0,
        "support": 3.0
      },
      "9": {
        "precision": 1.0,
        "recall": 1.0,
        "f1-score": 1.0,
        "support": 71.0
      },
      "10": {
        "precision": 1.0,
        "recall": 1.0,
        "f1-score": 1.0,
        "support": 46.0
      },
      "accuracy": 1.0,
      "macro avg": {
        "precision": 1.0,
        "recall": 1.0,
        "f1-score": 1.0,
        "support": 200.0
      },
      "weighted avg": {
        "precision": 1.0,
        "recall": 1.0,
        "f1-score": 1.0,
        "support": 200.0
      }
    },
    "confusion_matrix": [
      [
        23,
        0,
        0,
        0,
        0,
        0,
        0,
        0,
        0,
        0
      ],
      [
        0,
        13,
        0,
        0,
        0,
        0,
        0,
        0,
        0,
        0
      ],
      [
        0,
        0,
        7,
        0,
        0,
        0,
        0,
        0,
        0,
        0
      ],
      [
        0,
        0,
        0,
        6,
        0,
        0,
        0,
        0,
        0,
        0
      ],
      [
        0,
        0,
        0,
        0,
        14,
        0,
        0,
        0,
        0,
        0
      ],
      [
        0,
        0,
        0,
        0,
        0,
        11,
        0,
        0,
        0,
        0
      ],
      [
        0,
        0,
        0,
        0,
        0,
        0,
        6,
        0,
        0,
        0
      ],
      [
        0,
        0,
        0,
        0,
        0,
        0,
        0,
        3,
        0,
        0
      ],
      [
        0,
        0,
        0,
        0,
        0,
        0,
        0,
        0,
        71,
        0
      ],
      [
        0,
        0,
        0,
        0,
        0,
        0,
        0,
        0,
        0,
        46
      ]
    ]
  }
}